{"products":[{"id":"0.2806344009948676","qty":1}],"totalPrice":-0.010000000000001563}